{"cameraMode":{"drawMode":0,"name":"Shaded","section":"Shading Mode"},"sceneLighting":true,"audioPlay":false,"sceneViewState":{"m_AlwaysRefresh":false,"showFog":true,"showSkybox":true,"showFlares":true,"showImageEffects":true,"showParticleSystems":true,"showVisualEffectGraphs":true,"m_FxEnabled":true},"in2DMode":false,"pivot":{"x":-10.037359237670899,"y":-3.2689971923828127,"z":3.2887721061706545},"rotation":{"x":0.2971856892108917,"y":0.5460307598114014,"z":-0.21502982079982758,"w":0.7534884810447693},"size":10.340075492858887,"orthographic":true}