{"cameraMode":{"drawMode":0,"name":"Shaded","section":"Shading Mode"},"sceneLighting":true,"audioPlay":false,"sceneViewState":{"m_AlwaysRefresh":false,"showFog":true,"showSkybox":true,"showFlares":true,"showImageEffects":true,"showParticleSystems":true,"showVisualEffectGraphs":true,"m_FxEnabled":true},"in2DMode":false,"pivot":{"x":0.43111228942871096,"y":-0.9661962985992432,"z":-6.841134071350098},"rotation":{"x":0.1437837928533554,"y":-0.6322405338287354,"z":0.12093310803174973,"w":0.7516664266586304},"size":6.8517560958862309,"orthographic":false}