{"cameraMode":{"drawMode":0,"name":"Shaded","section":"Shading Mode"},"sceneLighting":true,"audioPlay":false,"sceneViewState":{"m_AlwaysRefresh":false,"showFog":true,"showSkybox":true,"showFlares":true,"showImageEffects":true,"showParticleSystems":true,"showVisualEffectGraphs":true,"m_FxEnabled":true},"in2DMode":false,"pivot":{"x":2.6285831928253176,"y":11.110475540161133,"z":3.2970991134643556},"rotation":{"x":-0.3668731153011322,"y":0.6323001384735107,"z":-0.4951094090938568,"w":-0.47074049711227419},"size":6.777639865875244,"orthographic":true}